<?xml version='1.0' encoding='UTF-8'?>
<addons>
  <addon id="repository.ggu" name="ggu add-on repository" provider-name="ggu" version="1.0.0">
    <extension name="ggu add-on repository" point="xbmc.addon.repository">
      <info compressed="true">https://github.com/gerulrich/kodi-addons/raw/main/repository.ggu/addons.xml</info>
      <checksum>https://github.com/gerulrich/kodi-addons/raw/main/repository.ggu/addons.xml.md5</checksum>
      <datadir zip="true">https://raw.githubusercontent.com/gerulrich/kodi-addons/main/repository.ggu/</datadir>
    </extension>
    <extension point="xbmc.addon.metadata">
      <summary>ggu add-on repository</summary>
      <description lang="en">ggu add-on repository</description>
      <platform>all</platform>
    </extension>
  </addon>
</addons>